id,title,categories,minPlayers,maxPlayers,playTime,difficulty,socialIntensity,learnEase,description,imageUrl,similar
g001,1~10數學學習盒,學習,2,4,30,3,3,3,訓練幼兒數字概念與加減,https://telifuj.github.io/tabletop-paradise/images/g001.jpg,
g002,12 Days of Christmas,派對,3,6,20,2,2,3,節慶交換禮物的策略遊戲,https://telifuj.github.io/tabletop-paradise/images/g002.jpg,
g003,13道線索,推理,2,6,30,3,2,3,破案與角色扮演結合的經典桌遊,https://telifuj.github.io/tabletop-paradise/images/g003.jpg,
g004,3D迷宮塔,,,,,,,,,,
g005,5秒定律,,,,,,,,,,
g006,5秒定律:大盒版,,,,,,,,,,
g007,一夜終極狼人,,,,,,,,,,
g008,一夜終極狼人:破曉,,,,,,,,,,
g009,一拍即呵,,,,,,,,,,
g010,一根香腸,,,,,,,,,,
g011,一路玩到掛,,,,,,,,,,
g012,一網打盡,,,,,,,,,,
g013,七大奇蹟,,,,,,,,,,
g014,七大奇蹟 對決 (主/中文),,,,,,,,,,
g015,七大奇蹟:城邦 (擴/中文),,,,,,,,,,
g016,七大奇蹟:通天塔擴充,,,,,,,,,,
g017,七大奇蹟:領袖 (擴/中文),,,,,,,,,,
g018,七大奇蹟對決套組(含擴充),,,,,,,,,,
g019,七彩跑跑豬,,,,,,,,,,
g020,八分鐘帝國,,,,,,,,,,
g021,力爭上游,,,,,,,,,,
g022,三人成築 洋紅版,,,,,,,,,,
g023,三人成築 薄荷版,,,,,,,,,,
g024,三千世界鴉殺盡,,,,,,,,,,
g025,三隻小豬,,,,,,,,,,
g026,上流社會,,,,,,,,,,
g027,亡命駛徒,,,,,,,,,,
g028,亡者神抽,,,,,,,,,,
g029,口袋密室:威尼斯大劫案,,,,,,,,,,
g030,口袋密室:時間測試,,,,,,,,,,
g031,口袋密室:幕後驚奇,,,,,,,,,,
g032,土狼在笑你,,,,,,,,,,
g033,大五月花號,,,,,,,,,,
g034,大五月花號：商人擴充,,,,,,,,,,
g035,大五月花號:農夫擴充,,,,,,,,,,
g036,大地傳說,,,,,,,,,,
g037,大限77,,,,,,,,,,
g038,大家一起Making BL,,,,,,,,,,
g039,大師畫廊,,,,,,,,,,
g040,大魚吃小魚,,,,,,,,,,
g041,大搜查 01 (主/中文),,,,,,,,,,
g042,大搜查-傳奇冒險,,,,,,,,,,
g043,大搜查! 神話冒險 08 (主/中文),,,,,,,,,,
g044,大搜查！史詩冒險 07 (主/中文),,,,,,,,,,
g045,大搜查!兒童版:偵探故事,,,,,,,,,,
g046,大搜查！星際大戰 SW01 (主/中文),,,,,,,,,,
g047,大搜查！英勇冒險 05 (主/中文),,,,,,,,,,
g048,大搜查！時光冒險 06 (主/中文),,,,,,,,,,
g049,大搜查！神秘冒險 02 (主/中文),,,,,,,,,,
g050,大搜查！異域冒險 04 (主/中文),,,,,,,,,,
g051,大搜查！絕密冒險 03 (主/中文),,,,,,,,,,
g052,大搜查！超自然冒險 中文版,,,,,,,,,,
g053,大搜查！遊戲冒險,,,,,,,,,,
g054,大腦益智盒 字母遊戲 (主/中文),,,,,,,,,,
g055,大滿貫,,,,,,,,,,
g056,大頭娃娃,,,,,,,,,,
g057,大頭娃娃套組,,,,,,,,,,
g058,大鍋炒,,,,,,,,,,
g059,女巫的佳釀,,,,,,,,,,
g060,小小公園,,,,,,,,,,
g061,小小世界,,,,,,,,,,
g062,小小生態圈,,,,,,,,,,
g063,小小守護者,,,,,,,,,,
g064,小小村莊,,,,,,,,,,
g065,小小城鎮,,,,,,,,,,
g066,小小英雄出任務,,,,,,,,,,
g067,小小貓頭鷹,,,,,,,,,,
g068,小小賽車手,,,,,,,,,,
g069,小小賽車手 (主/中文),,,,,,,,,,
g070,小手動動紙袋手偶,,,,,,,,,,
g071,小手揉揉紙團創作,,,,,,,,,,
g072,小木偶,,,,,,,,,,
g073,小王子:駛向群星,,,,,,,,,,
g074,小早川,,,,,,,,,,
g075,小羊躲貓貓,,,,,,,,,,
g076,小紅帽與大野狼 (主/中文),,,,,,,,,,
g077,小島,,,,,,,,,,
g078,小惡魔,,,,,,,,,,
g079,小農巴菲特,,,,,,,,,,
g080,小雞大逃亡,,,,,,,,,,
g081,山中小屋,,,,,,,,,,
g082,不在場證明,,,,,,,,,,
g083,不要命的冒險,,,,,,,,,,
g084,不要喚醒克蘇魯,,,,,,,,,,
g085,中國城 (主/英文),,,,,,,,,,
g086,五年五百億,,,,,,,,,,
g087,五感大挑戰,,,,,,,,,,
g088,今晚要吃誰,,,,,,,,,,
g089,內鬼疑雲:新版,,,,,,,,,,
g090,六次方認知學習多米諾-邏輯配對,,,,,,,,,,
g091,化合物,,,,,,,,,,
g092,化裝舞會,,,,,,,,,,
g093,化裝舞會:擴充,,,,,,,,,,
g094,午茶之戰,,,,,,,,,,
g095,厄夜魔堡,,,,,,,,,,
g096,反斗馬戲團,,,,,,,,,,
g097,反轉UNO遊戲卡,,,,,,,,,,
g098,天天都是情人節,,,,,,,,,,
g099,天生絕配:新版,,,,,,,,,,
g100,天生絕配:舊版,,,,,,,,,,
g101,天皇,,,,,,,,,,
g102,天姬世紀,,,,,,,,,,
g103,太空大冒險,,,,,,,,,,
g104,太空基地,,,,,,,,,,
g105,太陽神的祭司,,,,,,,,,,
g106,巴撒利市集,,,,,,,,,,
g107,巴黎鐵路,,,,,,,,,,
g108,心電感應,,,,,,,,,,
g109,心靈共感 (主/中文),,,,,,,,,,
g110,手指奧運會,,,,,,,,,,
g111,手造奇觀,,,,,,,,,,
g112,文獻室,,,,,,,,,,
g113,方舟:鐵盒,,,,,,,,,,
g114,方格都市 (主/中文),,,,,,,,,,
g115,方塊沙沙,,,,,,,,,,
g116,日與夜,,,,,,,,,,
g117,木林森處,,,,,,,,,,
g118,毛塵寶寶,,,,,,,,,,
g119,水火不容,,,,,,,,,,
g120,水果沙拉,,,,,,,,,,
g121,水果數到10,,,,,,,,,,
g122,水啦! (主/中文),,,,,,,,,,
g123,水瓶座,,,,,,,,,,
g124,火星骰,,,,,,,,,,
g125,火柴會說話:Family,,,,,,,,,,
g126,牙買加 (主/中文),,,,,,,,,,
g127,牙買加:擴充,,,,,,,,,,
g128,王國,,,,,,,,,,
g129,王國製圖師,,,,,,,,,,
g130,王牌檢察官,,,,,,,,,,
g131,世界上有2種人!,,,,,,,,,,
g132,世紀:東方奇觀,,,,,,,,,,
g133,世紀:香料之路,,,,,,,,,,
g134,世紀:新世界,,,,,,,,,,
g135,仙子魔法陣,,,,,,,,,,
g136,仙丹妙搖,,,,,,,,,,
g137,仙境夢遊(主/中文),,,,,,,,,,
g138,出包魔法師,,,,,,,,,,
g139,出租公寓,,,,,,,,,,
g140,出租英雄,,,,,,,,,,
g141,功夫刺蝟,,,,,,,,,,
g142,功夫動物園,,,,,,,,,,
g143,加法對決,,,,,,,,,,
g144,北洋船隊,,,,,,,,,,
g145,卡卡頌+主教堂與餐館擴充套組,,,,,,,,,,
g146,卡卡頌兒童版,,,,,,,,,,
g147,卡布奇諾,,,,,,,,,,
g148,卡吞那,,,,,,,,,,
g149,卡里巴湖,,,,,,,,,,
g150,卡坦島,,,,,,,,,,
g151,卡坦島5-6人擴充,,,,,,,,,,
g152,卡坦島兒童版,,,,,,,,,,
g153,卡坦島海洋擴充,,,,,,,,,,
g154,卡坦島騎士擴充,,,,,,,,,,
g155,卡斯卡迪亞之旅（含KS特典卡）(主/中文),,,,,,,,,,
g156,卡魯巴,,,,,,,,,,
g157,卡魯巴兒童版,,,,,,,,,,
g158,去市場,,,,,,,,,,
g159,古董局中局:十二獸首平裝版,,,,,,,,,,
g160,古墓謎蹤,,,,,,,,,,
g161,古戰陣,,,,,,,,,,
g162,可可亞,,,,,,,,,,
g163,四季之森,,,,,,,,,,
g164,四季物語 (主/中文),,,,,,,,,,
g165,外星怪,,,,,,,,,,
g166,夯夯樂,,,,,,,,,,
g167,失落的城市,,,,,,,,,,
g168,奶酪大盜,,,,,,,,,,
g169,左右難題,,,,,,,,,,
g170,左鄰右舍,,,,,,,,,,
g171,巧手猜圖,,,,,,,,,,
g172,巧手精算撕,,,,,,,,,,
g173,巨龍峽谷,,,,,,,,,,
g174,巨龍奪堡,,,,,,,,,,
g175,布丁大作戰,,,,,,,,,,
g176,平衡抽抽棒,,,,,,,,,,
g177,打光94狂,,,,,,,,,,
g178,打地鼠,,,,,,,,,,
g179,打蒼蠅,,,,,,,,,,
g180,犯人在哪裡 (主/中文),,,,,,,,,,
g181,犯人在跳舞,,,,,,,,,,
g182,玄武門之變：太極篇,,,,,,,,,,
g183,生態連線,,,,,,,,,,
g184,生態農場 (主/中文),,,,,,,,,,
g185,白賊七,,,,,,,,,,
g186,皮影戲大師 (主/中文),,,,,,,,,,
g187,目擊者之夜,,,,,,,,,,
g188,石來運轉,,,,,,,,,,
g189,石器時代10週年紀念版,,,,,,,,,,
g190,石器時代兒童版,,,,,,,,,,
g191,交易員,,,,,,,,,,
g192,企鵝疊疊樂,,,,,,,,,,
g193,伊斯坦堡（中英文版）（送兩款擴充）,,,,,,,,,,
g194,伊斯坦堡骰子版,,,,,,,,,,
g195,伐木達人（2017年版）,,,,,,,,,,
g196,兇煞迴廊,,,,,,,,,,
g197,全力衝廁:新版,,,,,,,,,,
g198,全面通緝,,,,,,,,,,
g199,冰上企鵝大挑戰,,,,,,,,,,
g200,冰山疊企鵝,,,,,,,,,,
g201,冰天雪地,,,,,,,,,,
g202,冰原小英雄,,,,,,,,,,
g203,冰淇淋快手2.0,,,,,,,,,,
g204,冰雪連天,,,,,,,,,,
g205,冰酷企鵝,,,,,,,,,,
g206,印加寶藏2019年版,,,,,,,,,,
g207,同感,,,,,,,,,,
g208,名偵大賽,,,,,,,,,,
g209,名畫神偷,,,,,,,,,,
g210,名謎偵探,,,,,,,,,,
g211,在電梯前,,,,,,,,,,
g212,地下洞穴,,,,,,,,,,
g213,地牢爭霸,,,,,,,,,,
g214,地產大亨,,,,,,,,,,
g215,地產大亨:愛台客走跳台灣電子版,,,,,,,,,,
g216,地產大亨紙牌版,,,,,,,,,,
g217,地產達人,,,,,,,,,,
g218,地窖探險,,,,,,,,,,
g219,多米諾女王,,,,,,,,,,
g220,多米諾王國,,,,,,,,,,
g221,多米諾王國．骰子對決版,,,,,,,,,,
g222,多米諾骨牌,,,,,,,,,,
g223,好鼻師,,,,,,,,,,
g224,字母風火輪,,,,,,,,,,
g225,字母街,,,,,,,,,,
g226,字字轉機,,,,,,,,,,
g227,字字轉機 臉紅心跳,,,,,,,,,,
g228,字字轉機:新版,,,,,,,,,,
g229,字字轉機：圖像版,,,,,,,,,,
g230,宇宙怪獸,,,,,,,,,,
g231,忙碌的菜園,,,,,,,,,,
g232,忙碌廚房,,,,,,,,,,
g233,成敗,,,,,,,,,,
g234,收納達人,,,,,,,,,,
g235,有隻象仔跌落水,,,,,,,,,,
g236,死亡寒冬,,,,,,,,,,
g237,死亡寒冬擴充:漫漫長夜,,,,,,,,,,
g238,死亡寒冬擴充:衝突之地,,,,,,,,,,
g239,死木鎮 1876 (主/中文),,,,,,,,,,
g240,江洋大盜！,,,,,,,,,,
g241,百分直覺,,,,,,,,,,
g242,百慕達深海尋寶,,,,,,,,,,
g243,羊來湊數,,,,,,,,,,
g244,羽,,,,,,,,,,
g245,老二哲學,,,,,,,,,,
g246,老鼠起司洞 (主/中文),,,,,,,,,,
g247,色字頭上一掌拍,,,,,,,,,,
g248,色彩大作戰,,,,,,,,,,
g249,色彩麻吉,,,,,,,,,,
g250,艾亞 生命之源,,,,,,,,,,
g251,艾莉露的回憶,,,,,,,,,,
g252,血契獵殺,,,,,,,,,,
g253,血腥旅社,,,,,,,,,,
g254,血與刃的白薔薇,,,,,,,,,,
g255,衣打老鼠,,,,,,,,,,
g256,西班牙鐵路,,,,,,,,,,
g257,估估劃劃,,,,,,,,,,
g258,估估劃劃 嗨起來版,,,,,,,,,,
g259,估估劃劃:兒童版,,,,,,,,,,
g260,估估劃劃:旅行版,,,,,,,,,,
g261,作弊飛蛾,,,,,,,,,,
g262,你和我,,,,,,,,,,
g263,你建我拆,,,,,,,,,,
g264,你炸我彈他,,,,,,,,,,
g265,克蘇魯的呼喚:卡牌遊戲,,,,,,,,,,
g266,否決權! (主/中文),,,,,,,,,,
g267,吸血鬼睡衣派對,,,,,,,,,,
g268,吸珠大笨象,,,,,,,,,,
g269,吸爆鬆餅,,,,,,,,,,
g270,吹笛魔手,,,,,,,,,,
g271,呆瓜！呆瓜！大呆瓜！ (主/中文),,,,,,,,,,
g272,妖怪鬪陣,,,,,,,,,,
g273,妙探尋兇,,,,,,,,,,
g274,妙探尋兇:疑犯大收藏紙牌版,,,,,,,,,,
g275,妙筆神猜,,,,,,,,,,
g276,妙筆神猜 骰子版,,,,,,,,,,
g277,妙傳爆趣,,,,,,,,,,
g278,妙語偵探社,,,,,,,,,,
g279,妙語說書人奧德賽,,,,,,,,,,
g280,巫術學院,,,,,,,,,,
g281,形色咚咚,,,,,,,,,,
g282,形意棋,,,,,,,,,,
g283,忍者之夜,,,,,,,,,,
g284,快手靠杯:旅行版,,,,,,,,,,
g285,快手疊杯,,,,,,,,,,
g286,快可思,,,,,,,,,,
g287,快打英雄,,,,,,,,,,
g288,快閃冰淇淋 (主/中文),,,,,,,,,,
g289,快閃地精,,,,,,,,,,
g290,快樂農莊,,,,,,,,,,
g291,我也是歌手,,,,,,,,,,
g292,我先走啦！,,,,,,,,,,
g293,我的捷運生活,,,,,,,,,,
g294,我是大老闆！,,,,,,,,,,
g295,我是大老闆！紙牌版,,,,,,,,,,
g296,我是香蕉,,,,,,,,,,
g297,我們都是模範生,,,,,,,,,,
g298,扭扭樂,,,,,,,,,,
g299,扮家家遊,,,,,,,,,,
g300,找找我,,,,,,,,,,
g301,抓月亮 (主/中文),,,,,,,,,,
g302,抓包變色龍,,,,,,,,,,
g303,抓鬼大隊,,,,,,,,,,
g304,抓帽子,,,,,,,,,,
g305,抖抖山大冒險,,,,,,,,,,
g306,村莊,,,,,,,,,,
g307,步步為營,,,,,,,,,,
g308,步步高升,,,,,,,,,,
g309,求婚大作戰,,,,,,,,,,
g310,汪汪喵喵歡樂派對(桌遊+繪本),,,,,,,,,,
g311,汪喵餅乾戰,,,,,,,,,,
g312,沉睡皇后15周年版,,,,,,,,,,
g313,狂牛衝浪,,,,,,,,,,
g314,皂單全收,,,,,,,,,,
g315,私人偵探,,,,,,,,,,
g316,私家偵探,,,,,,,,,,
g317,私酒封鎖中,,,,,,,,,,
g318,豆腐王國,,,,,,,,,,
g319,邪馬臺,,,,,,,,,,
g320,亞瑟傳奇,,,,,,,,,,
g321,京都諜影,,,,,,,,,,
g322,侃侃而猜,,,,,,,,,,
g323,來包洋芋片 (主/中文),,,,,,,,,,
g324,依樣畫葫蘆 (主/中文),,,,,,,,,,
g325,兒童教具-Parkett Flower Magic 3D,,,,,,,,,,
g326,兔子王國 (主/中文),,,,,,,,,,
g327,兔兔農場,,,,,,,,,,
g328,刺客暗殺派對,,,,,,,,,,
g329,刺蝟飼養家,,,,,,,,,,
g330,呱呱跳,,,,,,,,,,
g331,命懸一線,,,,,,,,,,
g332,咒咒咒！,,,,,,,,,,
g333,咕啾咕啾,,,,,,,,,,
g334,夜市人蔘,,,,,,,,,,
g335,奇思繆想,,,,,,,,,,
g336,奇雞家族,,,,,,,,,,
g337,奇獸競技場,,,,,,,,,,
g338,奔跑吧蝸牛,,,,,,,,,,
g339,性格靈通:寓言,,,,,,,,,,
g340,怪物仙境:塗鴉任務,,,,,,,,,,
g341,怪物仙境擴充: 失落城市 (擴/中文),,,,,,,,,,
g342,怪獸方塊,,,,,,,,,,
g343,怪獸的菜單,,,,,,,,,,
g344,怪獸面具島,,,,,,,,,,
g345,披薩家,,,,,,,,,,
g346,拉格蘭哈莊園,,,,,,,,,,
g347,拉密:6人版,,,,,,,,,,
g348,拉密:外出鐵盒版,,,,,,,,,,
g349,拉密:特別版,,,,,,,,,,
g350,拉密:紙牌版,,,,,,,,,,
g351,拉密:麻將版,,,,,,,,,,
g352,拉密:變臉版,,,,,,,,,,
g353,拉密:XXL版,,,,,,,,,,
g354,拉密袋裝攜帶版,,,,,,,,,,
g355,拍張照,,,,,,,,,,
g356,拔毛運動會,,,,,,,,,,
g357,拔蘿蔔,,,,,,,,,,
g358,拚了小雞,,,,,,,,,,
g359,招財進寶,,,,,,,,,,
g360,明槍你錢,,,,,,,,,,
g361,服裝設計師:中國,,,,,,,,,,
g362,服裝設計師:日本,,,,,,,,,,
g363,服裝設計師:美國,,,,,,,,,,
g364,服裝設計師:愛斯基摩,,,,,,,,,,
g365,杯子蛋糕學院(主/中文),,,,,,,,,,
g366,東京之王+火力全開擴充套組,,,,,,,,,,
g367,東京之王闇黑版 (限定) (主/中文),,,,,,,,,,
g368,東京高速公路 (主/中文),,,,,,,,,,
g369,東海道,,,,,,,,,,
g370,松鼠取堅果,,,,,,,,,,
g371,林口,,,,,,,,,,
g372,果盜檸檬七,,,,,,,,,,
g373,河馬游泳圈,,,,,,,,,,
g374,油畫大師:ks版,,,,,,,,,,
g375,法老密碼,,,,,,,,,,
g376,法老聖殿,,,,,,,,,,
g377,波多黎各,,,,,,,,,,
g378,炎魔的數字試煉,,,,,,,,,,
g379,爭牆鬥勝,,,,,,,,,,
g380,狐狸與雞,,,,,,,,,,
g381,狗戲團疊疊樂,,,,,,,,,,
g382,玩命起司,,,,,,,,,,
g383,玩命賽道 (主/中文),,,,,,,,,,
g384,玩轉賽車道,,,,,,,,,,
g385,知識線:恐龍篇,,,,,,,,,,
g386,知識線:環球旅行篇,,,,,,,,,,
g387,社群大亂鬥,,,,,,,,,,
g388,空中之城,,,,,,,,,,
g389,空間邏輯對應,,,,,,,,,,
g390,股票大亨,,,,,,,,,,
g391,花火,,,,,,,,,,
g392,花見小路,,,,,,,,,,
g393,花燈盛會,,,,,,,,,,
g394,花磚物語,,,,,,,,,,
g395,花磚物語:夏日行宮,,,,,,,,,,
g396,花磚物語:琉璃之光,,,,,,,,,,
g397,金金樂盜,,,,,,,,,,
g398,金漁撈撈,,,,,,,,,,
g399,金銀島,,,,,,,,,,
g400,金雞海盜的藏寶圖,,,,,,,,,,
g401,長號,,,,,,,,,,
g402,長頸鹿量表,,,,,,,,,,
g403,阿不思學院,,,,,,,,,,
g404,阿瓦隆:馬來西亞版,,,,,,,,,,
g405,阿瓦隆:戰棋會,,,,,,,,,,
g406,非洲之旅,,,,,,,,,,
g407,非常嫌疑犯,,,,,,,,,,
g408,俄羅斯娃娃,,,,,,,,,,
g409,勃根地城堡,,,,,,,,,,
g410,南街殷賑,,,,,,,,,,
g411,城市漫遊 台南,,,,,,,,,,
g412,城市漫遊 京都,,,,,,,,,,
g413,城市競逐,,,,,,,,,,
g414,封王,,,,,,,,,,
g415,屋頂動物園,,,,,,,,,,
g416,帝國拓荒者:北方帝國,,,,,,,,,,
g417,幽靈棋,,,,,,,,,,
g418,建築師疊疊樂,,,,,,,,,,
g419,怒海求生,,,,,,,,,,
g420,急件快送,,,,,,,,,,
g421,拯救北極熊,,,,,,,,,,
g422,拯救童話,,,,,,,,,,
g423,拼布藝術,,,,,,,,,,
g424,拼裝機器人（附Promo卡）,,,,,,,,,,
g425,拾貓鍋,,,,,,,,,,
g426,指環套套,,,,,,,,,,
g427,挑戰序列,,,,,,,,,,
g428,挖到寶,,,,,,,,,,
g429,政變,,,,,,,,,,
g430,故事線:童話篇 (主/中文),,,,,,,,,,
g431,星杯傳說,,,,,,,,,,
g432,星域奇航,,,,,,,,,,
g433,星球加法,,,,,,,,,,
g434,星際探險隊,,,,,,,,,,
g435,星際探險隊 深海任務,,,,,,,,,,
g436,星際寶衛戰,,,,,,,,,,
g437,查理檢查哨,,,,,,,,,,
g438,柯爾特快車 (主/中文),,,,,,,,,,
g439,歪星訪客,,,,,,,,,,
g440,毒來毒往,,,,,,,,,,
g441,毒藥,,,,,,,,,,
g442,洗襪子,,,,,,,,,,
g443,洞洞打寶,,,,,,,,,,
g444,洞察掀機,,,,,,,,,,
g445,洪水警報,,,,,,,,,,
g446,流轉大地,,,,,,,,,,
g447,炸彈競技場,,,,,,,,,,
g448,玻玻小雞家族,,,,,,,,,,
g449,珊瑚物語,,,,,,,,,,
g450,珍珠奶茶,,,,,,,,,,
g451,皇家港,,,,,,,,,,
g452,皇親國戚,,,,,,,,,,
g453,皇輿爭霸,,,,,,,,,,
g454,皇輿爭霸:海國圖志,,,,,,,,,,
g455,皇輿爭霸:煉金術士,,,,,,,,,,
g456,美麗島風雲,,,,,,,,,,
g457,耶利哥,,,,,,,,,,
g458,胖廚師披薩平衡,,,,,,,,,,
g459,英雄總是最後一個到,,,,,,,,,,
g460,郎中闖江湖,,,,,,,,,,
g461,郎中闖江湖兒童版,,,,,,,,,,
g462,降妖伏怪,,,,,,,,,,
g463,限時快猜 (主/中文),,,,,,,,,,
g464,限時解鎖:密室逃脫,,,,,,,,,,
g465,風聲 再臨 (主/中文),,,,,,,,,,
g466,風聲 黑名單 (主/中文),,,,,,,,,,
g467,飛塔巫師,,,,,,,,,,
g468,飛龍傳說口袋版,,,,,,,,,,
g469,飛躍魔盜團,,,,,,,,,,
g470,飛躍魔盜團兒童版:幻想國度,,,,,,,,,,
g471,食人族怪物,,,,,,,,,,
g472,食人魚與派德羅,,,,,,,,,,
g473,首都華沙,,,,,,,,,,
g474,香蕉人上班趣,,,,,,,,,,
g475,香蕉共和國．國安秘帳,,,,,,,,,,
g476,香蕉猴王,,,,,,,,,,
g477,倉庫城,,,,,,,,,,
g478,倉庫城:倉儲大樓擴充,,,,,,,,,,
g479,倉鼠相撲,,,,,,,,,,
g480,倚天屠龍記,,,,,,,,,,
g481,原木立體形色棋,,,,,,,,,,
g482,原木西洋棋,,,,,,,,,,
g483,原木形色棋,,,,,,,,,,
g484,原木形色棋旅行版,,,,,,,,,,
g485,套利併購,,,,,,,,,,
g486,套娃收藏家,,,,,,,,,,
g487,害你在心口難開,,,,,,,,,,
g488,家族事業,,,,,,,,,,
g489,席迪特戰記,,,,,,,,,,
g490,恐怖村,,,,,,,,,,
g491,恐龍咬咬,,,,,,,,,,
g492,恐龍彈珠台,,,,,,,,,,
g493,恐龍歷險記,,,,,,,,,,
g494,捕抓抓,,,,,,,,,,
g495,捕魚大賽,,,,,,,,,,
g496,料理廚王,,,,,,,,,,
g497,旅館謀殺案,,,,,,,,,,
g498,時兇教授:歲月堡壘,,,,,,,,,,
g499,時光當鋪,,,,,,,,,,
g500,時間到! 家庭版 (主/中文),,,,,,,,,,
g501,時間線 台灣近代史,,,,,,,,,,
g502,時間線:音樂與電影,,,,,,,,,,
g503,時間線:發明史,,,,,,,,,,
g504,柴犬屋,,,,,,,,,,
g505,格格不入,,,,,,,,,,
g506,浮言浪語,,,,,,,,,,
g507,海格力士的12試煉,,,,,,,,,,
g508,海盜風雲,,,,,,,,,,
g509,海盜島 1667 (主/中文),,,,,,,,,,
g510,海盜密碼1~10,,,,,,,,,,
g511,海盜對決 (主/中文),,,,,,,,,,
g512,海盜骰子,,,,,,,,,,
g513,海盜總動員,,,,,,,,,,
g514,海霸,,,,,,,,,,
g515,消失的主角,,,,,,,,,,
g516,烏邦果3D兒童版,,,,,,,,,,
g517,烏邦果迷你版,,,,,,,,,,
g518,烏嘎烏嘎,,,,,,,,,,
g519,狼人2020,,,,,,,,,,
g520,狼人真言 (主/中文),,,,,,,,,,
g521,狼人殺2019豪華版,,,,,,,,,,
g522,狼來了！,,,,,,,,,,
g523,病毒在跳舞,,,,,,,,,,
g524,益智推推箱,,,,,,,,,,
g525,眨眨眼,,,,,,,,,,
g526,砰:武士刀,,,,,,,,,,
g527,砰！,,,,,,,,,,
g528,砰！骰子版,,,,,,,,,,
g529,砰+道奇市擴充套組,,,,,,,,,,
g530,神來之筆,,,,,,,,,,
g531,神奇小馬SS,,,,,,,,,,
g532,神奇果汁,,,,,,,,,,
g533,神奈川學苑 (主/中文),,,,,,,,,,
g534,神祕卡納克,,,,,,,,,,
g535,神秘大地,,,,,,,,,,
g536,神秘島(桌遊+繪本),,,,,,,,,,
g537,神探緝兇,,,,,,,,,,
g538,神機妙算,,,,,,,,,,
g539,秘法對決,,,,,,,,,,
g540,秘寶快手,,,,,,,,,,
g541,能看見我看的嗎:賓果連連,,,,,,,,,,
g542,茶丸子,,,,,,,,,,
g543,草泥馬,,,,,,,,,,
g544,荒島動物學,,,,,,,,,,
g545,荒野大彈客,,,,,,,,,,
g546,荒野游牧,,,,,,,,,,
g547,衰事無極限,,,,,,,,,,
g548,衰事會發生,,,,,,,,,,
g549,記帳城市,,,,,,,,,,
g550,記憶黑洞,,,,,,,,,,
g551,記憶搖一搖,,,,,,,,,,
g552,記憶模仿大考驗,,,,,,,,,,
g553,起司天堂歷險記,,,,,,,,,,
g554,迴轉壽司,,,,,,,,,,
g555,迴轉壽司:鐵盒,,,,,,,,,,
g556,迷因在說話 NO CONTEXT,,,,,,,,,,
g557,迷你動物疊疊樂,,,,,,,,,,
g558,迷你都市,,,,,,,,,,
g559,迷你發電廠,,,,,,,,,,
g560,迷你遊樂園,,,,,,,,,,
g561,迷宮機器人,,,,,,,,,,
g562,追捕蝴蝶遊戲組,,,,,,,,,,
g563,送禮高手,,,,,,,,,,
g564,逃脫檔案：蛇藤林的孩子們,,,,,,,,,,
g565,逆流上班族,,,,,,,,,,
g566,酒店大亨,,,,,,,,,,
g567,針扎牌,,,,,,,,,,
g568,閃靈快手:魔法帽,,,,,,,,,,
g569,陛下,,,,,,,,,,
g570,馬可波羅,,,,,,,,,,
g571,馬尼拉（第567列可訂購《馬尼拉英中版》）,,,,,,,,,,
g572,馬兒快快跑,,,,,,,,,,
g573,馬戲經理人,,,,,,,,,,
g574,鬼臉大王,,,,,,,,,,
g575,鬼靈精怪數字迷宮,,,,,,,,,,
g576,乾杯,,,,,,,,,,
g577,假不喵,,,,,,,,,,
g578,偵探焦點:厄運鳥,,,,,,,,,,
g579,偵探焦點：最後底牌,,,,,,,,,,
g580,動手不動口,,,,,,,,,,
g581,動文字,,,,,,,,,,
g582,動物反抗軍,,,,,,,,,,
g583,動物夜怕怕,,,,,,,,,,
g584,動物泛舟,,,,,,,,,,
g585,動物將棋,,,,,,,,,,
g586,動物園,,,,,,,,,,
g587,動物園大亨 輕便版 (主/中文),,,,,,,,,,
g588,動物瘋,,,,,,,,,,
g589,動物疊疊樂,,,,,,,,,,
g590,圈圈套圈圈,,,,,,,,,,
g591,國民經濟,,,,,,,,,,
g592,堆比思:怪咖,,,,,,,,,,
g593,密識派對,,,,,,,,,,
g594,屠龍矮人,,,,,,,,,,
g595,彩色島,,,,,,,,,,
g596,彩色烏托邦,,,,,,,,,,
g597,彩色動物接龍,,,,,,,,,,
g598,彩色圈圈,,,,,,,,,,
g599,得寸進尺,,,,,,,,,,
g600,得分沙拉,,,,,,,,,,
g601,從前從前…,,,,,,,,,,
g602,情書（日版插畫）,,,,,,,,,,
g603,情書（美版插畫）,,,,,,,,,,
g604,採珠人,,,,,,,,,,
g605,接龍車,,,,,,,,,,
g606,推倒提基,,,,,,,,,,
g607,推浪快盜,,,,,,,,,,
g608,推推記憶,,,,,,,,,,
g609,推理事件簿,,,,,,,,,,
g610,推理事件簿:騎士信條1400,,,,,,,,,,
g611,推翻蘇丹,,,,,,,,,,
g612,教父風雲,,,,,,,,,,
g613,旋風谷,,,,,,,,,,
g614,曼哈頓,,,,,,,,,,
g615,梗圖黃牌,,,,,,,,,,
g616,欲罷不能,,,,,,,,,,
g617,欲罷不能極速版,,,,,,,,,,
g618,殺手賽局,,,,,,,,,,
g619,淘氣小小蛙,,,,,,,,,,
g620,深水擂台,,,,,,,,,,
g621,深海諜影,,,,,,,,,,
g622,猜心俱樂部,,,,,,,,,,
g623,猜猜我是誰,,,,,,,,,,
g624,現代藝術,,,,,,,,,,
g625,現代藝術:陳澄波,,,,,,,,,,
g626,甜品大師,,,,,,,,,,
g627,甜蜜的家,,,,,,,,,,
g628,甜點大胃王（小吃大胃王新美術版本）,,,,,,,,,,
g629,畢氏大爆炸,,,,,,,,,,
g630,異族爭霸,,,,,,,,,,
g631,眼尖手快,,,,,,,,,,
g632,眼明手快搶配對,,,,,,,,,,
g633,眾神大典(外文版),,,,,,,,,,
g634,眾裹尋他,,,,,,,,,,
g635,視覺專注力訓練,,,,,,,,,,
g636,視覺運動會,,,,,,,,,,
g637,視覺運動會:進階版,,,,,,,,,,
g638,窒命玩笑,,,,,,,,,,
g639,第一類接觸,,,,,,,,,,
g640,終極密碼,,,,,,,,,,
g641,終極審判:電車難題,,,,,,,,,,
g642,終極戰士,,,,,,,,,,
g643,終點攝影-最後衝刺,,,,,,,,,,
g644,船轉企鵝,,,,,,,,,,
g645,袋中菲力貓,,,,,,,,,,
g646,許願桌傳說,,,,,,,,,,
g647,貪心農夫,,,,,,,,,,
g648,貪吃鬼,,,,,,,,,,
g649,這些MEME不是屬於我的,,,,,,,,,,
g650,這是誰做的,,,,,,,,,,
g651,這就是人生,,,,,,,,,,
g652,這款桌遊,,,,,,,,,,
g653,速速城國,,,,,,,,,,
g654,速畫猜,,,,,,,,,,
g655,速塗快遞,,,,,,,,,,
g656,造陸計畫,,,,,,,,,,
g657,野蠻維京人,,,,,,,,,,
g658,陰間條例 夜巡篇,,,,,,,,,,
g659,陰陽百鬼譚,,,,,,,,,,
g660,陰謀大亂鬥,,,,,,,,,,
g661,陸海空拉米,,,,,,,,,,
g662,雪之時,,,,,,,,,,
g663,雪地狂歡-砸蛋,,,,,,,,,,
g664,魚魚對對樂,,,,,,,,,,
g665,最後的迅猛龍,,,,,,,,,,
g666,最美的風景變電箱,,,,,,,,,,
g667,割喉冒險隊,,,,,,,,,,
g668,創世星球,,,,,,,,,,
g669,創意巧拼蛋,,,,,,,,,,
g670,創意城市,,,,,,,,,,
g671,創意編字,,,,,,,,,,
g672,勝在有腦,,,,,,,,,,
g673,勝在有腦:兒童版,,,,,,,,,,
g674,喔 ! 我的好貨 !,,,,,,,,,,
g675,喔!我的美味漢堡,,,,,,,,,,
g676,喪屍大逃殺,,,,,,,,,,
g677,喵喵咪呀,,,,,,,,,,
g678,富士流,,,,,,,,,,
g679,富饒之城,,,,,,,,,,
g680,富饒之城2,,,,,,,,,,
g681,富饒之城2016,,,,,,,,,,
g682,富饒之城2戰火隆隆,,,,,,,,,,
g683,尋夢旅程,,,,,,,,,,
g684,尋鑰之旅 (主/中文),,,,,,,,,,
g685,就是吃鬆餅,,,,,,,,,,
g686,帽子戲法,,,,,,,,,,
g687,掌中回憶,,,,,,,,,,
g688,換言一新,,,,,,,,,,
g689,揪麻吉,,,,,,,,,,
g690,斯凱島 (主/中文),,,,,,,,,,
g691,智人,,,,,,,,,,
g692,智取狐狸,,,,,,,,,,
g693,智慧球,,,,,,,,,,
g694,暑假日記,,,,,,,,,,
g695,期貨時代,,,,,,,,,,
g696,森巴馬戲團,,,,,,,,,,
g697,渡船過河 (主/中文),,,,,,,,,,
g698,無限手套: 情書系列 (主/中文),,,,,,,,,,
g699,無間風雲,,,,,,,,,,
g700,無間風雲-大全套,,,,,,,,,,
g701,無間風雲+擴充合輯套組,,,,,,,,,,
g702,無影脫牌手,,,,,,,,,,
g703,猩猩相色,,,,,,,,,,
g704,畫中有話,,,,,,,,,,
g705,畫外之意,,,,,,,,,,
g706,盜夢都市:精裝版,,,,,,,,,,
g707,童話迷蹤,,,,,,,,,,
g708,結印魔法師,,,,,,,,,,
g709,絕谷戰士,,,,,,,,,,
g710,給我餅乾,,,,,,,,,,
g711,萌鼠摘月,,,,,,,,,,
g712,著色快手,,,,,,,,,,
g713,詐賭巫師,,,,,,,,,,
g714,詞彙捕手英文達人版,,,,,,,,,,
g715,貴婦的遺產 (主/中文),,,,,,,,,,
g716,超級任務(桌遊+繪本),,,,,,,,,,
g717,超級犀牛,,,,,,,,,,
g718,超級犀牛終極對戰,,,,,,,,,,
g719,超激鬪宇宙摔角王,,,,,,,,,,
g720,跑跑蛙！,,,,,,,,,,
g721,跑跑龜,,,,,,,,,,
g722,進擊地下城,,,,,,,,,,
g723,鄉勇 戴潮春傳奇,,,,,,,,,,
g724,量化寬鬆,,,,,,,,,,
g725,鈕鈕相扣,,,,,,,,,,
g726,開心滑水梯樂園,,,,,,,,,,
g727,開膛手傑克,,,,,,,,,,
g728,開膛手傑克:紐約,,,,,,,,,,
g729,開膛手傑克擴充,,,,,,,,,,
g730,間諜危機,,,,,,,,,,
g731,間諜危機2,,,,,,,,,,
g732,雄霸三國,,,,,,,,,,
g733,集垃日,,,,,,,,,,
g734,集垃日:擴充,,,,,,,,,,
g735,黃瓜五兄弟,,,,,,,,,,
g736,黃金疊疊樂,,,,,,,,,,
g737,黃牌,,,,,,,,,,
g738,黑白摺學,,,,,,,,,,
g739,黑死城 1350 精裝版 (主/中文),,,,,,,,,,
g740,黑羊與白羊,,,,,,,,,,
g741,黑喵傑克,,,,,,,,,,
g742,黑骷髏島,,,,,,,,,,
g743,傳情畫意,,,,,,,,,,
g744,傳情畫意:歡樂今宵,,,,,,,,,,
g745,傳說的碎片,,,,,,,,,,
g746,傻傻玩,,,,,,,,,,
g747,傻傻玩2.0,,,,,,,,,,
g748,嗒寶,,,,,,,,,,
g749,園藝大師,,,,,,,,,,
g750,圓樓,,,,,,,,,,
g751,塔雲軒,,,,,,,,,,
g752,塔樓,,,,,,,,,,
g753,奧地利大飯店,,,,,,,,,,
g754,奧林匹斯之戰,,,,,,,,,,
g755,奧法之戰,,,,,,,,,,
g756,媽媽咪呀!,,,,,,,,,,
g757,搜捕農場動物 (主/中文),,,,,,,,,,
g758,搖搖樹,,,,,,,,,,
g759,搖滾天團,,,,,,,,,,
g760,搖滾巫奇,,,,,,,,,,
g761,搖滾節奏,,,,,,,,,,
g762,搖擺青蛙,,,,,,,,,,
g763,搖擺猴子,,,,,,,,,,
g764,搗蛋派對,,,,,,,,,,
g765,搞笑瑜珈,,,,,,,,,,
g766,搶尾刀,,,,,,,,,,
g767,搶杯王,,,,,,,,,,
g768,搶救派琪,,,,,,,,,,
g769,搶鈴詞王,,,,,,,,,,
g770,新版甜蜜的家,,,,,,,,,,
g771,暗影奇襲,,,,,,,,,,
g772,暗影奇襲套組,,,,,,,,,,
g773,暗影獵人,,,,,,,,,,
g774,椰子猴王,,,,,,,,,,
g775,極限一發,,,,,,,,,,
g776,極簡大師,,,,,,,,,,
g777,煉金術士,,,,,,,,,,
g778,獅子剪髮大冒險,,,,,,,,,,
g779,當個創世神,,,,,,,,,,
g780,當個創世神：衝出地獄門,,,,,,,,,,
g781,矮人骰子樂,,,,,,,,,,
g782,矮人礦坑,,,,,,,,,,
g783,碰碰拉力賽,,,,,,,,,,
g784,碰撞機器人,,,,,,,,,,
g785,萬國爭鋒,,,,,,,,,,
g786,經典黑白棋,,,,,,,,,,
g787,聖彼得堡,,,,,,,,,,
g788,聖城尋寶,,,,,,,,,,
g789,聖胡安,,,,,,,,,,
g790,聖家族大教堂,,,,,,,,,,
g791,聖經尋寶獵人,,,,,,,,,,
g792,腦洞量表,,,,,,,,,,
g793,落筆為城,,,,,,,,,,
g794,葡萄酒莊園,,,,,,,,,,
g795,裝置譯述家,,,,,,,,,,
g796,裝龍作啞 (主/中文),,,,,,,,,,
g797,試個好遊戲,,,,,,,,,,
g798,詭秘莊園 (主/中文),,,,,,,,,,
g799,詭影尋蹤,,,,,,,,,,
g800,資優生遊戲系列:老鼠與起司,,,,,,,,,,
g801,資優生遊戲系列:彈跳拼圖,,,,,,,,,,
g802,跳出兔子坑,,,,,,,,,,
g803,跳跳棋 (主/中文),,,,,,,,,,
g804,跳跳猴大作戰,,,,,,,,,,
g805,跳舞小鵝,,,,,,,,,,
g806,跳躍高塔,,,,,,,,,,
g807,躲貓貓,,,,,,,,,,
g808,農家樂（2018年版）,,,,,,,,,,
g809,農家樂2016版,,,,,,,,,,
g810,農場大亨,,,,,,,,,,
g811,農場早點名,,,,,,,,,,
g812,農場動物疊疊樂,,,,,,,,,,
g813,遊戲中文名1,,,,,,,,,,
g814,過河拆橋,,,,,,,,,,
g815,雷射迷宮,,,,,,,,,,
g816,電力公司2020版,,,,,,,,,,
g817,電車大亨,,,,,,,,,,
g818,電波畫家,,,,,,,,,,
g819,鼠國英雄,,,,,,,,,,
g820,圖片對對樂,,,,,,,,,,
g821,圖形夾子遊戲,,,,,,,,,,
g822,圖形建構遊戲,,,,,,,,,,
g823,圖騰快手,,,,,,,,,,
g824,圖騰快手:瘋狂雷曼兔,,,,,,,,,,
g825,圖靈解密,,,,,,,,,,
g826,夢想人生,,,,,,,,,,
g827,夢想家園 (主/中文),,,,,,,,,,
g828,夢想起飛,,,,,,,,,,
g829,察顏觀7,,,,,,,,,,
g830,實話實說,,,,,,,,,,
g831,實話實說3,,,,,,,,,,
g832,幕後交易,,,,,,,,,,
g833,截碼戰 (主/中文),,,,,,,,,,
g834,截碼戰+光碟播放器擴充套組,,,,,,,,,,
g835,摺足先登,,,,,,,,,,
g836,敲冰企鵝,,,,,,,,,,
g837,歌劇魅影,,,,,,,,,,
g838,演化論:物種起源,,,,,,,,,,
g839,漢字傳說,,,,,,,,,,
g840,漢字傳說 部首篇,,,,,,,,,,
g841,漫步普羅旺斯,,,,,,,,,,
g842,熊熊公園 (主/中文),,,,,,,,,,
g843,蒸蒸日上(豪華版)+迷你擴充,,,,,,,,,,
g844,瘋狂山脈,,,,,,,,,,
g845,瘋狂巨著,,,,,,,,,,
g846,瘋狂地下城,,,,,,,,,,
g847,瘋狂建築師,,,,,,,,,,
g848,瘋狂科學家,,,,,,,,,,
g849,瘋狂桌遊店,,,,,,,,,,
g850,瘋狂假面聯盟,,,,,,,,,,
g851,瘋狂詭宅 第二版(主/中文),,,,,,,,,,
g852,瘋狂詭宅: 驚魂之旅(擴/中文),,,,,,,,,,
g853,瘋狂農場,,,,,,,,,,
g854,瘋狂爆爆8,,,,,,,,,,
g855,瘋狂爆爆糖,,,,,,,,,,
g856,磁石魔法迷宮,,,,,,,,,,
g857,福爾摩斯大對決,,,,,,,,,,
g858,福爾摩斯探案集,,,,,,,,,,
g859,福爾摩斯探案集第一輯：莊園殺機,,,,,,,,,,
g860,福爾摩斯探案集第一輯：最後召集,,,,,,,,,,
g861,福爾摩斯探案集第二輯：珠寶劫案,,,,,,,,,,
g862,福爾摩斯探案集第二輯：黑幫風雲,,,,,,,,,,
g863,福爾摩斯探案集第二輯：實驗室危機,,,,,,,,,,
g864,福爾摩斯鷹眼,,,,,,,,,,
g865,種豆,,,,,,,,,,
g866,精彩馬戲團,,,,,,,,,,
g867,精靈的惡作劇,,,,,,,,,,
g868,精靈捕手,,,,,,,,,,
g869,精靈國度豪華版,,,,,,,,,,
g870,維京襲來,,,,,,,,,,
g871,綿羊爭牧場,,,,,,,,,,
g872,舞動魔咒,,,,,,,,,,
g873,蜜蜂物語,,,,,,,,,,
g874,蜜蜂特攻隊(桌遊+繪本),,,,,,,,,,
g875,認知觀察對應,,,,,,,,,,
g876,認清你的朋友,,,,,,,,,,
g877,語破天機 (主/中文),,,,,,,,,,
g878,語破天機 兒童版 (主/中文),,,,,,,,,,
g879,說夢人(主/中文),,,,,,,,,,
g880,說謊小八,,,,,,,,,,
g881,輕鬆放,,,,,,,,,,
g882,颱風不要來,,,,,,,,,,
g883,骰子工廠,,,,,,,,,,
g884,骰子街 (主/中文),,,,,,,,,,
g885,骰子街+百萬富翁擴充+港口擴充,,,,,,,,,,
g886,骰子算算,,,,,,,,,,
g887,骰子鎮(2017年版),,,,,,,,,,
g888,骰戰奪寶,,,,,,,,,,
g889,鼻畫大師,,,,,,,,,,
g890,嘩啦啦真痛快,,,,,,,,,,
g891,嘿！我的魚！,,,,,,,,,,
g892,彈指賽車,,,,,,,,,,
g893,彈跳兔兔,,,,,,,,,,
g894,德國心臟病,,,,,,,,,,
g895,德國心臟病:加重版,,,,,,,,,,
g896,德國蟑螂:泰文版,,,,,,,,,,
g897,德國蟑螂（2017年版）,,,,,,,,,,
g898,德國蟑螂皇家版,,,,,,,,,,
g899,撰寫文明史,,,,,,,,,,
g900,數字九乘塔 (主/中文),,,,,,,,,,
g901,數字大格鬥,,,,,,,,,,
g902,數字火車,,,,,,,,,,
g903,數字急轉彎,,,,,,,,,,
g904,數字戰爭,,,,,,,,,,
g905,數來堡,,,,,,,,,,
g906,數量認知對應,,,,,,,,,,
g907,數感傳奇:格勒特尼的冰霜龍,,,,,,,,,,
g908,數獨入門,,,,,,,,,,
g909,樂可多:綠版,,,,,,,,,,
g910,模仿犯：誰是諾拉,,,,,,,,,,
g911,歐汀的烏鴉,,,,,,,,,,
g912,歐盟議會,,,,,,,,,,
g913,熱氣球高塔,,,,,,,,,,
g914,璀璨寶石 (主/中文),,,,,,,,,,
g915,璀璨寶石 雙人版,,,,,,,,,,
g916,璀璨寶石: 漫威 (主/中文),,,,,,,,,,
g917,璀璨寶石:寶可夢,,,,,,,,,,
g918,璀璨寶石+城市擴充套組,,,,,,,,,,
g919,璀璨寶石初版,,,,,,,,,,
g920,璀璨寶石擴充: 璀璨之城 (擴/中文),,,,,,,,,,
g921,瘟疫危機,,,,,,,,,,
g922,瞎掰王,,,,,,,,,,
g923,瞎掰王SDGS,,,,,,,,,,
g924,糊塗動畫室,,,,,,,,,,
g925,蓮花 (主/中文),,,,,,,,,,
g926,蝸牛賽車場,,,,,,,,,,
g927,衝向黃金城,,,,,,,,,,
g928,衝鋒計程車,,,,,,,,,,
g929,誰來讓我靠,,,,,,,,,,
g930,誰是牛頭王25週年版,,,,,,,,,,
g931,誰是放屁王,,,,,,,,,,
g932,調色盤本色,,,,,,,,,,
g933,請上車,,,,,,,,,,
g934,豌豆公主,,,,,,,,,,
g935,豬朋狗友-犬營,,,,,,,,,,
g936,豬朋狗友-豚營,,,,,,,,,,
g937,豬朋狗友之黑仔阿羊,,,,,,,,,,
g938,賭命大賽,,,,,,,,,,
g939,輝煌的羅倫佐,,,,,,,,,,
g940,醉不可能的任務,,,,,,,,,,
g941,靠背畫家,,,,,,,,,,
g942,骷髏牌 (主/中文),,,,,,,,,,
g943,魷魚遊戲,,,,,,,,,,
g944,齒輪對決組,,,,,,,,,,
g945,戰國時代,,,,,,,,,,
g946,機密代號,,,,,,,,,,
g947,機密代號:有圖有真相,,,,,,,,,,
g948,機密代號:裡應外合,,,,,,,,,,
g949,機智新星,,,,,,,,,,
g950,燒杯博士,,,,,,,,,,
g951,燒錢計畫,,,,,,,,,,
g952,獨角獸莉莉 (主/中文),,,,,,,,,,
g953,獨家專輯 (主/中文),,,,,,,,,,
g954,獨家暗語 (主/中文),,,,,,,,,,
g955,瓢蟲彩妝宴,,,,,,,,,,
g956,穆拉諾-光影大師,,,,,,,,,,
g957,積多寶,,,,,,,,,,
g958,螞蟻與蚱蜢,,,,,,,,,,
g959,諾丁漢警長,,,,,,,,,,
g960,諾亞方舟,,,,,,,,,,
g961,謀殺之謎:嫌犯遊戲,,,,,,,,,,
g962,貓吃3辣,,,,,,,,,,
g963,貓和老鼠,,,,,,,,,,
g964,貓捉老鼠,,,,,,,,,,
g965,貓街,,,,,,,,,,
g966,貓貓食堂,,,,,,,,,,
g967,辦公室達人,,,,,,,,,,
g968,遵命！黑魔王,,,,,,,,,,
g969,遺產爭奪戰(貴婦的遺產),,,,,,,,,,
g970,鋼鐵與火藥,,,,,,,,,,
g971,鋼鐵與火藥:文藝復興,,,,,,,,,,
g972,鋼鐵戰士,,,,,,,,,,
g973,頭等艙列車,,,,,,,,,,
g974,駱駝大賽（僅供套組販售）,,,,,,,,,,
g975,駱駝大賽2020年版,,,,,,,,,,
g976,鴨飛狗跳,,,,,,,,,,
g977,龍牙勇者,,,,,,,,,,
g978,龍的寶物,,,,,,,,,,
g979,龍骰格鬥,,,,,,,,,,
g980,龍龍公園,,,,,,,,,,
g981,龜兔賽跑 (主/中文),,,,,,,,,,
g982,獴鷲派對,,,,,,,,,,
g983,環遊世界八十天,,,,,,,,,,
g984,環遊台灣,,,,,,,,,,
g985,縱橫股海,,,,,,,,,,
g986,聰明餅乾,,,,,,,,,,
g987,薑餅人王國,,,,,,,,,,
g988,蟑螂沙拉,,,,,,,,,,
g989,蟑螂捕手,,,,,,,,,,
g990,購物小達人,,,,,,,,,,
g991,賽馬大亨,,,,,,,,,,
g992,賽豬俱樂部,,,,,,,,,,
g993,還試好遊戲,,,,,,,,,,
g994,醜娃娃,,,,,,,,,,
g995,鍛骰物語 (主/中文),,,,,,,,,,
g996,黏黏變色龍 (中文版),,,,,,,,,,
g997,點子狂想,,,,,,,,,,
g998,齋普爾商人,,,,,,,,,,
g999,叢林爭霸戰,,,,,,,,,,
g1000,叢林探險 (主/中文),,,,,,,,,,
g1001,叢林野宴（附Promo卡）,,,,,,,,,,
g1002,叢林智慧棋,,,,,,,,,,
g1003,瀑布淘金客,,,,,,,,,,
g1004,獵巫鎮 1692 (主/中文),,,,,,,,,,
g1005,禮物,,,,,,,,,,
g1006,禮物方塊,,,,,,,,,,
g1007,翻滾路易,,,,,,,,,,
g1008,翻閱朝廷,,,,,,,,,,
g1009,翻轉大稻埕,,,,,,,,,,
g1010,翻轉旅程,,,,,,,,,,
g1011,薩凡娜公園,,,,,,,,,,
g1012,藍月秘境:傳說,,,,,,,,,,
g1013,蟲蟲拍拍,,,,,,,,,,
g1014,蟲蟲密碼,,,,,,,,,,
g1015,蟲蟲蜂房,,,,,,,,,,
g1016,蟲蟲數字1~10,,,,,,,,,,
g1017,蟲蟲燒烤派對,,,,,,,,,,
g1018,蹦蹦兔,,,,,,,,,,
g1019,蹦蹦蛙,,,,,,,,,,
g1020,轉轉謎方,,,,,,,,,,
g1021,醬爆商人,,,,,,,,,,
g1022,雙胞胎 (主/中文),,,,,,,,,,
g1023,雙重邏輯x組合對應,,,,,,,,,,
g1024,顏色幾何形狀學習盒5in1,,,,,,,,,,
g1025,鯊口餘生,,,,,,,,,,
g1026,鯊口餘生:鐵盒,,,,,,,,,,
g1027,鯊魚來襲,,,,,,,,,,
g1028,鯊魚警報,,,,,,,,,,
g1029,寵物PETS,,,,,,,,,,
g1030,龐氏騙局,,,,,,,,,,
g1031,爆肝大作戰,,,,,,,,,,
g1032,爆炸貓,,,,,,,,,,
g1033,爆炸貓(18禁版本),,,,,,,,,,
g1034,爆珠發明,,,,,,,,,,
g1035,瓊漿,,,,,,,,,,
g1036,繪聲繪影,,,,,,,,,,
g1037,臘腸狗,,,,,,,,,,
g1038,蟹霸王,,,,,,,,,,
g1039,辭彙捕手 中文版,,,,,,,,,,
g1040,韻腳對對,,,,,,,,,,
g1041,寶石陣,,,,,,,,,,
g1042,寶石陣豪華版（2016年版）,,,,,,,,,,
g1043,寶石獵人,,,,,,,,,,
g1044,寶藏台灣,,,,,,,,,,
g1045,繽紛對決,,,,,,,,,,
g1046,蘇格蘭特警,,,,,,,,,,
g1047,鐵道任務 美國 (主/中文),,,,,,,,,,
g1048,鐵道任務 歐洲 (主/中文),,,,,,,,,,
g1049,霹靂投石車,,,,,,,,,,
g1050,魔戒: 中洲征途 (主/中文),,,,,,,,,,
g1051,魔戒：中洲征途 - 黑暗中的棲身者擴充 (擴/ 中文),,,,,,,,,,
g1052,魔戒擴充:暗影之路,,,,,,,,,,
g1053,魔法秘笈,,,,,,,,,,
g1054,魔法賓果,,,,,,,,,,
g1055,魔法廚房,,,,,,,,,,
g1056,魔城馬車,,,,,,,,,,
g1057,魔城馬車黑暗預言擴充,,,,,,,,,,
g1058,黯影魔城,,,,,,,,,,
g1059,權力的遊戲 :卡坦 (主/中文),,,,,,,,,,
g1060,歡迎回到地下城 (主/中文),,,,,,,,,,
g1061,歡迎來到,,,,,,,,,,
g1062,歡迎來到地下城(外文版),,,,,,,,,,
g1063,歡樂彈跳球:進階搖滾版,,,,,,,,,,
g1064,籤籤入扣,,,,,,,,,,
g1065,變色龍,,,,,,,,,,
g1066,變臉魔方,,,,,,,,,,
g1067,驚魂星期五,,,,,,,,,,
g1068,驚爆倫敦 (主/中文),,,,,,,,,,
g1069,驚爆倫敦 危機進化,,,,,,,,,,
g1070,靈光同線,,,,,,,,,,
g1071,靈能偵探,,,,,,,,,,
g1072,驢橋,,,,,,,,,,
g1073,Adventskalender,,,,,,,,,,
g1074,Alacadamo,,,,,,,,,,
g1075,Ali,,,,,,,,,,
g1076,Backyard Builders Treehouse,,,,,,,,,,
g1077,Ballons,,,,,,,,,,
g1078,Bert Bever,,,,,,,,,,
g1079,BEVERBENDE,,,,,,,,,,
g1080,BUGS,,,,,,,,,,
g1081,Bugs Galllry,,,,,,,,,,
g1082,Can You See What I See?Finders Keepers Game,,,,,,,,,,
g1083,castle chimbing frog,,,,,,,,,,
g1084,Chefs,,,,,,,,,,
g1085,Christmas tale,,,,,,,,,,
g1086,CIRCUS,,,,,,,,,,
g1087,Col-Or-Form,,,,,,,,,,
g1088,CS犯罪現場,,,,,,,,,,
g1089,CS犯罪現場+隱蔽同盟擴充套組,,,,,,,,,,
g1090,CV人生規劃,,,,,,,,,,
g1091,Dancing dice,,,,,,,,,,
g1092,DC超級英雄,,,,,,,,,,
g1093,Dead Man's Treasure,,,,,,,,,,
g1094,der große diktator,,,,,,,,,,
g1095,Ding~上菜囉,,,,,,,,,,
g1096,Ding~上菜囉(桌遊+繪本),,,,,,,,,,
g1097,DOS遊戲卡,,,,,,,,,,
g1098,Fastrack,,,,,,,,,,
g1099,"Fex, look smart!",,,,,,,,,,
g1100,FINDING DORY,,,,,,,,,,
g1101,FUSION,,,,,,,,,,
g1102,G同鴨搶,,,,,,,,,,
g1103,GHOST CATCHER,,,,,,,,,,
g1104,Grand prix,,,,,,,,,,
g1105,Gruselino,,,,,,,,,,
g1106,HATS OFF,,,,,,,,,,
g1107,Hector Tayleplufor,,,,,,,,,,
g1108,K2,,,,,,,,,,
g1109,Kombat Kittens,,,,,,,,,,
g1110,KS亡者神抽,,,,,,,,,,
g1111,La Boca,,,,,,,,,,
g1112,laundry Day,,,,,,,,,,
g1113,legespiel obst,,,,,,,,,,
g1114,Lighthouse adventure,,,,,,,,,,
g1115,little fox,,,,,,,,,,
g1116,little monster,,,,,,,,,,
g1117,LOOT,,,,,,,,,,
g1118,Mauseschlau & Bärenstark Wissen und Lachen – Deutschland,,,,,,,,,,
g1119,Mini Shiver-stone Castle,,,,,,,,,,
g1120,MIX IT,,,,,,,,,,
g1121,Moo斯密碼,,,,,,,,,,
g1122,Nain jaune,,,,,,,,,,
g1123,NANU,,,,,,,,,,
g1124,Office 21,,,,,,,,,,
g1125,orchard,,,,,,,,,,
g1126,OUCH!,,,,,,,,,,
g1127,Ozo王大作戰,,,,,,,,,,
g1128,Petits chevaux - Ludo,,,,,,,,,,
g1129,Pinguin Picknick,,,,,,,,,,
g1130,pony run,,,,,,,,,,
g1131,Quibbit,,,,,,,,,,
g1132,QWINTO,,,,,,,,,,
g1133,Ranking,,,,,,,,,,
g1134,Red7,,,,,,,,,,
g1135,SET,,,,,,,,,,
g1136,SEVEN!,,,,,,,,,,
g1137,Sifaka,,,,,,,,,,
g1138,Solo,,,,,,,,,,
g1139,The frog prince,,,,,,,,,,
g1140,title,,,,,,,,,,
g1141,TOCTO LOTO,,,,,,,,,,
g1142,Touch dominos,,,,,,,,,,
g1143,TW-012,,,,,,,,,,
g1144,TW-218,,,,,,,,,,
g1145,TW-219,,,,,,,,,,
g1146,TW-220,,,,,,,,,,
g1147,TW-271,,,,,,,,,,
g1148,TW-272,,,,,,,,,,
g1149,UNO,,,,,,,,,,
g1150,UNO SHOW'EM NO MERCY,,,,,,,,,,
g1151,Uno疊疊樂,,,,,,,,,,
g1152,VYE,,,,,,,,,,
g1153,zahlen dino,,,,,,,,,,
g1154,ZIP ZAP,,,,,,,,,,
